experimento,modelo,r2,accuracy,f1_weighted
Orig,Reg Lineal,-0.2766391495812912,0.3333333333333333,0.3555555555555555
Corr,Reg Lineal,-0.3500020782069413,0.4,0.3232323232323232
